<modification>
    <name>Pen Blog For OC 3</name>
    <version>1.0</version>
    <author>vdhoangson</author>
    <link>http://pencms.com</link>
    <code>penblog</code>
    <!-- Admin -->
    <file path="admin/controller/common/column_left.php">
        <operation>
            <search><![CDATA[// Catalog]]></search>
            <add position="before"><![CDATA[
                $data['menus'][] = array(
                    'id'       => 'menu-penblog',
                    'icon'	   => 'fa-pencil',
                    'name'	   => 'Pen Blog',
                    'href'     => $this->url->link('extension/penblog/dashboard', 'user_token=' . $this->session->data['user_token'], true),
                    'children' => array()
                );
            ]]></add>
        </operation>
    </file>
    <file path="admin/language/en-gb/en-gb.php">
        <operation>
            <search><![CDATA[// Locale]]></search>
            <add position="before"><![CDATA[
                $_['penblog_powered'] = 'Pen Blog &copy; 2018 - <a href="http://pencms.com" target="_blank">pencms.com</a>';
            ]]></add>
        </operation>
    </file>
    <file path="admin/view/template/common/header.twig">
        <operation>
            <search><![CDATA[<link type="text/css" href="view/stylesheet/stylesheet.css" rel="stylesheet" media="screen" />]]></search>
            <add position="after"><![CDATA[
            <link href="view/template/extension/penblog/assets/css/penblog.css" rel="stylesheet">
            <script src="view/template/extension/penblog/assets/js/penblog.js" type="text/javascript"></script>]]></add>
        </operation>
    </file>
    <!-- Permission -->
    <file path="admin/controller/startup/permission.php">
        <operation>
            <search><![CDATA['extension/report',]]></search>
            <add position="before"><![CDATA[
            'extension/penblog',
            ]]></add>
        </operation>
    </file>

    <file path="admin/model/setting/store.php">
        <operation>
            <search><![CDATA[public function getTotalStoresByOrderStatusId($order_status_id) {]]></search>
            <add position="before"><![CDATA[
            public function getTotalStoresByArticleId($article_id) {
                $account_query = $this->db->query("SELECT COUNT(*) AS total FROM " . DB_PREFIX . "setting WHERE `key` = 'config_account_id' AND `value` = '" . (int)$article_id . "' AND store_id != '0'");

                $checkout_query = $this->db->query("SELECT COUNT(*) AS total FROM " . DB_PREFIX . "setting WHERE `key` = 'config_checkout_id' AND `value` = '" . (int)$article_id . "' AND store_id != '0'");

                return ($account_query->row['total'] + $checkout_query->row['total']);
            }
            ]]></add>
        </operation>
    </file>

    <file path="admin/controller/setting/setting.php">
        <operation>
            <search><![CDATA[$data['captcha_pages'] = array();]]></search>
            <add position="after"><![CDATA[
            $data['captcha_pages'][] = array(
                'text'  => 'Penblog Comment Article',
                'value' => 'penblog_comment'
            );
            $data['captcha_pages'][] = array(
                'text'  => 'Penblog Reply Comment',
                'value' => 'penblog_reply'
            );
            ]]></add>
        </operation>
    </file>


    <!-- Catalog -->
    <file path="catalog/view/theme/default/template/common/header.twig">
        <operation>
            <search><![CDATA[<script src="catalog/view/javascript/common.js" type="text/javascript"></script>]]></search>
            <add position="after"><![CDATA[
            <link href="catalog/view/theme/default/stylesheet/penblog/penblog.css" rel="stylesheet">
            <script src="catalog/view/javascript/jquery/penblog/penblog.js" type="text/javascript"></script>]]></add>
        </operation>
    </file>
    <file path="catalog/controller/common/menu.php">
        <!-- menu -->

        <operation>
            <search><![CDATA[
                return $this->load->view('common/menu', $data);
            ]]></search>
            <add position="before"><![CDATA[
                // Menu penblog
        $this->load->model('extension/penblog/category');

        $this->load->model('extension/penblog/article');

        $penblog_categories = $this->model_extension_penblog_category->getCategories(0);

        foreach ($penblog_categories as $category) {
            if ($category['top']) {
                // Level 2
                $children_penblog = array();

                $child_cat = $this->model_extension_penblog_category->getCategories($category['category_id']);

                foreach ($child_cat as $child) {
                    $fil = array(
                        'filter_category_id'  => $child['category_id'],
                        'filter_sub_category' => true
                    );

                    $article_total = $this->model_extension_penblog_article->getTotalArticles($fil);

                    $children_penblog[] = array(
                        'name'  => $child['name'] . ($this->config->get('penblog_article_count') ? ' (' . $article_total . ')' : ''),
                        'href'  => $this->url->link('extension/penblog/category', 'penblog_path=' . $category['category_id'] . '_' . $child['category_id'])
                    );
                }

                // Level 1
                $data['categories'][] = array(
                    'name'     => $category['name'],
                    'children' => $children_penblog,
                    'column'   => $category['column'] ? $category['column'] : 1,
                    'href'     => $this->url->link('extension/penblog/category', 'penblog_path=' . $category['category_id'])
                );
            }
        }

            ]]></add>
        </operation>
    </file>
    <file path="catalog/view/theme/default/template/common/footer.twig">
        <operation>
            <search><![CDATA[<li><a href="{{ manufacturer }}">{{ text_manufacturer }}</a></li>]]></search>
            <add position="before"><![CDATA[
            <li><a href="{{ penblog_testimonial }}">{{ text_testimonial }}</a></li>]]></add>
        </operation>
    </file>
    <file path="catalog/controller/common/footer.php">
        <operation>
            <search><![CDATA[$data['contact'] = $this->url->link('information/contact');]]></search>
            <add position="before"><![CDATA[
                $data['penblog_testimonial'] = $this->url->link('extension/penblog/testimonial');
                $data['text_testimonial'] = 'Client Testimonial';]]></add>
        </operation>

    </file>
    <file path="catalog/controller/product/search.php">
        <operation>
            <search><![CDATA[$data['compare'] = $this->url->link('product/compare');]]></search>
            <add position="after"><![CDATA[
                $data['text_article_search'] = 'Search Article';
                $data['text_product_search'] = 'Search Product';
                $data['link_to_article_search'] = $this->url->link('extension/penblog/search', $url);
            ]]></add>
        </operation>
    </file>

    <file path="catalog/view/theme/*/template/product/search.twig">
        <operation>
            <search><![CDATA[<h1>{{ heading_title }}</h1>]]></search>
            <add position="replace"><![CDATA[
                <h1>{{ heading_title }} | <a href="{{ link_to_article_search }}" class="welcome">{{ text_article_search }}</a></h1>
            ]]></add>
        </operation>
    </file>
    <file path="catalog/controller/information/sitemap.php">
                <operation>
            <search><![CDATA[$data['column_left'] = $this->load->controller('common/column_left');]]></search>
            <add position="before"><![CDATA[
                $this->load->model('extension/penblog/category');

                $data['penblog_categories'] = array();

        $categories_1 = $this->model_extension_penblog_category->getCategories(0);

        foreach ($categories_1 as $category_1) {
            $level_2_data = array();

            $categories_2 = $this->model_extension_penblog_category->getCategories($category_1['category_id']);

            foreach ($categories_2 as $category_2) {
                $level_3_data = array();

                $categories_3 = $this->model_extension_penblog_category->getCategories($category_2['category_id']);

                foreach ($categories_3 as $category_3) {
                    $level_3_data[] = array(
                        'name' => $category_3['name'],
                        'href' => $this->url->link('extension/penblog/category', 'penblog_path=' . $category_1['category_id'] . '_' . $category_2['category_id'] . '_' . $category_3['category_id'])
                    );
                }

                $level_2_data[] = array(
                    'name'     => $category_2['name'],
                    'children' => $level_3_data,
                    'href'     => $this->url->link('extension/penblog/category', 'penblog_path=' . $category_1['category_id'] . '_' . $category_2['category_id'])
                );
            }

            $data['penblog_categories'][] = array(
                'name'     => $category_1['name'],
                'children' => $level_2_data,
                'href'     => $this->url->link('extension/penblog/category', 'penblog_path=' . $category_1['category_id'])
            );
        }

        ]]></add>
        </operation>
    </file>
    <file path="catalog/view/theme/*/template/information/sitemap.twig">
        <operation>
            <search><![CDATA[<li><a href="{{ contact }}">{{ text_contact }}</a></li>]]></search>
            <add position="after" offset="3"><![CDATA[
                <ul>
                    {% for cat_1 in penblog_categories %}
                    <li><a href="{{ cat_1.href }}">{{ cat_1.name }}</a>
                    {% if cat_1.children %}
                    <ul>
                        {% for cat_2 in cat_1.children %}
                        <li><a href="{{ cat_2.href }}">{{ cat_2.name }}</a>
                        {% if cat_2.children %}
                        <ul>
                            {% for cat_3 in cat_2.children %}
                            <li><a href="{{ cat_3.href }}">{{ cat_3.name }}</a></li>
                            {% endfor %}
                        </ul>
                        {% endif %}
                        </li>
                        {% endfor %}
                    </ul>
                    {% endif %}
                    </li>
                    {% endfor %}
                </ul>
                ]]>
            </add>
        </operation>
    </file>
    <file path="catalog/controller/feed/google_sitemap.php">
        <operation>
            <search><![CDATA[$output .= '</urlset>';]]></search>
            <add position="before"><![CDATA[$this->load->model('extension/penblog/article');
                            $articles = $this->model_extension_penblog_article->getArticles(array('access_level' => ($this->customer->isLogged()) ? 1 : 0));

                            foreach ($articles as $article) {
                                    $output .= '<url>';
                                    $output .= '<loc>' . str_replace('&', '&amp;', $this->url->link('extension/penblog/article', 'article_id=' . $article['article_id'])) . '</loc>';
                                    $output .= '<changefreq>weekly</changefreq>';
                                    $output .= '<priority>1.0</priority>';
                                    $output .= '</url>';
                            }
                            $this->load->model('extension/penblog/category');
                            $output .= $this->getArticleCategories(0);]]>
                        </add>
        </operation>

        <operation>
            <search><![CDATA[protected function getCategories($parent_id, $current_path = '') {]]></search>
            <add position="before"><![CDATA[protected function getArticleCategories($parent_id, $current_path = '') {
                            $output = '';

                            $results = $this->model_extension_penblog_category->getCategories($parent_id);

                            foreach ($results as $result) {
                                    if (!$current_path) {
                                            $new_path = $result['article_id'];
                                    } else {
                                            $new_path = $current_path . '_' . $result['article_id'];
                                    }

                                    $output .= '<url>';
                                    $output .= '<loc>' . str_replace('&', '&amp;', $this->url->link('extension/penblog/category', 'ac_path=' . $new_path)) . '</loc>';
                                    $output .= '<changefreq>weekly</changefreq>';
                                    $output .= '<priority>0.7</priority>';
                                    $output .= '</url>';

                                    $articles = $this->model_extension_penblog_article->getArticles(array('category' => $result['article_id'], 'access_level' => ($this->customer->isLogged()) ? 1 : 0));

                                    foreach ($articles as $article) {
                                            $output .= '<url>';
                                            $output .= '<loc>' . str_replace('&', '&amp;', $this->url->link('extension/penblog/article', 'penblog_path=' . $new_path . '&article_id=' . $article['b_id'])) . '</loc>';
                                            $output .= '<changefreq>weekly</changefreq>';
                                            $output .= '<priority>1.0</priority>';
                                            $output .= '</url>';
                                    }

                                    $output .= $this->getArticleCategories($result['article_id'], $new_path);
                            }

                            return $output;
                            }]]>
                        </add>
        </operation>
    </file>

    <!-- SEO Url -->
    <file path="catalog/controller/startup/seo_url.php">
        <operation>
            <search><![CDATA[if ($url[0] == 'manufacturer_id') {]]></search>
            <add position="before"><![CDATA[
                if ($url[0] == 'article_id') {
                    $this->request->get['article_id'] = $url[1];
                }

                if ($url[0] == 'penblog_category_id') {
                    if (!isset($this->request->get['penblog_path'])) {
                        $this->request->get['penblog_path'] = $url[1];
                    } else {
                        $this->request->get['penblog_path'] .= '_' . $url[1];
                    }
                }
                ]]></add>
        </operation>
        <operation>
            <search><![CDATA[$query->row['query'] && $url[0] != 'information_id' && $url[0] != 'manufacturer_id' && $url[0] != 'category_id' && $url[0] != 'product_id']]></search>
            <add position="replace"><![CDATA[$query->row['query'] && $url[0] != 'information_id' && $url[0] != 'manufacturer_id' && $url[0] != 'category_id' && $url[0] != 'product_id' && $url[0] != 'penblog_category_id' && $url[0] != 'article_id']]></add>
        </operation>
        <operation>
            <search><![CDATA[elseif (isset($this->request->get['manufacturer_id'])) {]]></search>
            <add position="replace"><![CDATA[
                elseif (isset($this->request->get['article_id'])) {
                    $this->request->get['route'] = 'extension/penblog/article';
                } elseif (isset($this->request->get['penblog_path'])) {
                    $this->request->get['route'] = 'extension/penblog/category';
                } elseif (isset($this->request->get['manufacturer_id'])) {]]></add>
        </operation>
        <operation>
            <search><![CDATA[($data['route'] == 'product/product' && $key == 'product_id')]]></search>
            <add position="replace"><![CDATA[($data['route'] == 'extension/penblog/article' && $key == 'article_id') || ($data['route'] == 'product/product' && $key == 'product_id')]]></add>
        </operation>
        <operation>
            <search><![CDATA[elseif ($key == 'path') {]]></search>
            <add position="replace"><![CDATA[elseif ($key == 'penblog_path') {
                    $categories = explode('_', $value);

                    foreach ($categories as $category) {
                        $query = $this->db->query("SELECT * FROM " . DB_PREFIX . "seo_url WHERE `query` = 'penblog_category_id=" . (int)$category . "'");

                        if ($query->num_rows && $query->row['keyword']) {
                            $url .= '/' . $query->row['keyword'];
                        } else {
                            $url = '';
                            break;
                        }
                    }
                    unset($data[$key]);
                } elseif ($key == 'path') {]]></add>
        </operation>
    </file>
</modification>